Rating,FeedbackText
4.0,Good but delivery was delayed.
3.0,"Poor response time, dissatisfied."
4.0,"Will use again, great value!"
,"Average, nothing special."
3.0,Not worth the money.
3.0,Not worth the money.
1.0,"Poor response time, dissatisfied."
4.0,Very satisfied with the quality.
4.0,Good but delivery was delayed.
2.0,Could be better.
,"Poor response time, dissatisfied."
3.0,Good but delivery was delayed.
5.0,Could be better.
4.0,"Poor response time, dissatisfied."
3.0,"Poor response time, dissatisfied."
1.0,Good but delivery was delayed.
5.0,Good but delivery was delayed.
2.0,Great service!
3.0,"Will use again, great value!"
1.0,Very satisfied with the quality.
3.0,Great service!
3.0,"Will use again, great value!"
4.0,Not worth the money.
5.0,"Will use again, great value!"
2.0,"Will use again, great value!"
5.0,Not worth the money.
5.0,"Will use again, great value!"
4.0,"Will use again, great value!"
4.0,"Amazing experience, highly recommend!"
4.0,Very satisfied with the quality.
4.0,Could be better.
1.0,Good but delivery was delayed.
5.0,"Will use again, great value!"
1.0,Could be better.
3.0,Excellent customer support.
,Excellent customer support.
3.0,"Average, nothing special."
,Very satisfied with the quality.
2.0,Great service!
3.0,Excellent customer support.
,"Poor response time, dissatisfied."
2.0,Good but delivery was delayed.
1.0,"Will use again, great value!"
3.0,Very satisfied with the quality.
1.0,"Will use again, great value!"
5.0,Very satisfied with the quality.
5.0,"Will use again, great value!"
3.0,"Average, nothing special."
4.0,Good but delivery was delayed.
1.0,"Average, nothing special."
